relative_path,size_bytes,modified_time_iso
00.ACROBAT/Daanpradeep/159_B008812_दानप्रदीप (गु.) अनुवाद_ocred.pdf,34944775,2025-09-28T18:02:10.000Z
00.ACROBAT/Dharm Sangraha/170_dharm_sangraha_part_01_022039_hr6_ocred.pdf,35887641,2025-09-28T18:02:00.000Z
00.ACROBAT/Dharm Sangraha/171_dharm_sangraha_part_02_022040_hr6_ocred.pdf,37087454,2025-09-28T18:01:58.000Z
00.ACROBAT/Dharm Sangraha/172_dharm_sangraha_part_03_022041_hr6_ocred.pdf,38964799,2025-09-28T18:01:58.000Z
00.ACROBAT/Dharm Sangraha/173_dharm_sangraha_part_04_022042_hr6_ocred.pdf,26963740,2025-09-28T17:56:26.000Z
00.ACROBAT/Dharm Sangraha/174_dharm_sangraha_part_05_022043_hr6_ocred.pdf,30062274,2025-09-28T18:00:08.000Z
00.ACROBAT/Dharmratna Prakaran/dharmratna_prakaran_part_01_005503_hr6.pdf,39543688,2025-09-28T18:02:10.000Z
00.ACROBAT/Dharmratna Prakaran/dharmratna_prakaran_part_03_022155_hr6.pdf,21412897,2025-09-28T18:02:08.000Z
00.ACROBAT/Jitkalpa Sutra/119_agam_38_chhed_05_jitkalpa_sutra_008071_hr.pdf,37302423,2025-09-28T18:02:00.000Z
00.ACROBAT/Painnay suttai/205_B003860_Painnay_suttai_Part_2_001045_पइण्णयसुत्ताइं भाग-2.pdf,27211701,2025-09-28T18:02:00.000Z
00.ACROBAT/Paumchariyam/200_B026227_Paum_chariyam_Part_1_001272_पउमचरियं (पद्मचरित्र) सह (हिं.) अनुवाद भाग-1.pdf,53725184,2025-09-28T18:02:06.000Z
00.ACROBAT/Paumchariyam/201_B039739_paumchariyam_part_02_004025_std.pdf,22163114,2025-09-28T17:58:20.000Z
00.ACROBAT/Shat Purush Charitra/302_shat_purush_charitra_022724_hr6.pdf,18498970,2025-09-28T17:58:58.000Z
00.ACROBAT/Tattvarth Lokwartikam/130_B005443_duplicat_Tatwarth-Lokwartikam_ocred.pdf,46739474,2025-09-28T17:57:04.000Z
00.ACROBAT/Tattvarthadhigam Sutra-pratham adhyay/131_B041744_तत्त्वार्थाधिगमसूत्र (प्रथम अध्याय) भाग 2.pdf,375498345,2025-09-28T18:06:36.000Z
00.ACROBAT/Tattvarthvartikam Rajvartikam/142_B010716_तत्त्वार्थवार्तिकम् (राजवार्तिकम्) भाग 1.pdf,269915943,2025-09-28T18:06:24.000Z
00.ACROBAT/Tattvarthvartikam Rajvartikam/143_B010717_तत्त्वार्थवार्तिक (राजवार्तिक) भाग 2.pdf,310417054,2025-09-28T18:06:26.000Z
00.ACROBAT/Tatvarthdhigan_bhag4/129_B062634_तत्त्वार्थाधिगम सूत्र (अध्याय-4) भाग 4.pdf,106952505,2025-09-28T18:02:08.000Z
00.ACROBAT/Trishashtishalakapurushcharitra mahakavya/151_B058804_त्रिषष्टिशलाकापुरुषचरितमहाकाव्ये सप्तमं पर्वम्.pdf,225330267,2025-09-28T18:06:04.000Z
00.ACROBAT/Upmitibhavprapanch katha/101_B043648_उपमितिभवप्रपञ्चा कथा (चतुर्थादिप्रस्तावद्वयात्मको) भाग 2.pdf,137023124,2025-09-28T18:02:02.000Z
00.ACROBAT/Upmitibhavprapanch katha/102_B015718_उपमितिभवप्रपञ्चा कथा (षष्ठादिप्रस्तावत्रयात्मको) भाग 3.pdf,112216262,2025-09-28T18:02:00.000Z
00.ACROBAT/Vasudaivhindi Khand/259_B053624_वसुदेव-हिंडी खंड 1.pdf,331269285,2025-09-28T18:06:32.000Z
00.ACROBAT/Vasudaivhindi Pratham khand/257_B058487_वसुदेवहिण्डिप्रथमखण्डः भाग 1.pdf,186598065,2025-09-28T18:06:02.000Z
00.ACROBAT/Vivek Manjari/265_vivek_manjari_part_01_022279_hr6.pdf,53140974,2025-09-28T18:02:04.000Z
00.ACROBAT/Vivek Manjari/266_vivek_manjari_part_02_022280_hr6.pdf,54705870,2025-09-28T18:02:04.000Z
00.ACROBAT/Yogsar prakaran/249_YOGSAR PRAKRAN.pdf,43736600,2025-09-28T18:02:04.000Z
01.Kosh/370_abhidhan_vyutpatti_prakriya_kosh_part_01_016099_hr.pdf,50111317,2025-09-28T18:01:12.000Z
01.Kosh/371_abhidhan_vyutpatti_prakriya_kosh_part_02_016100_hr.pdf,62432458,2025-09-28T18:01:16.000Z
01.Kosh/372_B041977_अल्पपरिचितसैद्धान्तिकशब्दकोष (स्वरपर्यन्तः) विभाग 1.pdf,182614490,2025-09-28T18:01:14.000Z
01.Kosh/374_B041981_अल्पपरिचितसैद्धान्तिकशब्दकोषः (फतः हपर्यन्तः परिशिष्ठद्वयोपेतं) विभाग 4-5.pdf,349355642,2025-09-28T18:01:54.000Z
01.Kosh/375_B057171_संस्कृत-हिन्दी शब्दकोश (शिवराम आप्टे).pdf,1336332868,2025-09-28T18:00:08.000Z
01.Kosh/376_jain_lakshanavali_part_1_016021_hr.pdf,77533034,2025-09-28T18:01:16.000Z
01.Kosh/377_jain_lakshanavali_part_2_016022_hr.pdf,83520143,2025-09-28T18:01:18.000Z
01.Kosh/378_jain_lakshanavali_part_3_016023_hr.pdf,101294356,2025-09-28T18:01:20.000Z
01.Kosh/379_B038531_पाइय सद्द महण्णवो (प्राकृत शब्द महार्णव).pdf,1038521360,2025-09-28T18:00:42.000Z
01.Kosh/380_shabda_ratna_mahodadhi_part_1_016067_hr.pdf,156516037,2025-09-28T18:01:48.000Z
01.Kosh/381_shabda_ratna_mahodadhi_part_2_016068_hr.pdf,151681105,2025-09-28T18:01:50.000Z
01.Kosh/382_shabda_ratna_mahodadhi_part_3_016069_hr.pdf,102803224,2025-09-28T18:01:18.000Z
01.Kosh/383_B038129_गुजराती हिन्दी कोष.pdf,226307163,2025-09-28T18:01:46.000Z
01.Kosh/384_abhidhan_rajendra_kosh_part_01_016143_hr6.pdf,349854219,2025-09-28T18:06:00.000Z
01.Kosh/385_abhidhan_rajendra_kosh_part_02_016144_hr6.pdf,394115386,2025-09-28T18:05:44.000Z
01.Kosh/386_abhidhan_rajendra_kosh_part_03_016145_hr6.pdf,401700649,2025-09-28T18:05:50.000Z
01.Kosh/387_abhidhan_rajendra_kosh_part_04_016146_hr6.pdf,426199386,2025-09-28T18:06:40.000Z
01.Kosh/389_abhidhan_rajendra_kosh_part_06_016148_hr6.pdf,383975341,2025-09-28T18:06:46.000Z
01.Kosh/390_abhidhan_rajendra_kosh_part_07_016149_hr6.pdf,370842205,2025-09-28T18:05:58.000Z
Abhaykumar Charitra/023_B046397_abhaykumar_charitra_022669_hr6.pdf,82077868,2025-09-28T18:01:20.000Z
Acharang Sutra Bhavanuvad/acharang_sutra_bhavanuvad_part_01_033299_hr6.pdf,52830685,2025-09-28T17:58:20.000Z
Acharang Sutra Bhavanuvad/acharang_sutra_bhavanuvad_part_02_040035_hr6.pdf,34419676,2025-09-28T18:00:46.000Z
Acharang Sutra Bhavanuvad/acharang_sutra_bhavanuvad_part_03_040036_hr6.pdf,22256926,2025-09-28T18:00:46.000Z
Acharpradip/066_B024741_Achar_pradip_005786_HR6.pdf,69265051,2025-09-28T18:00:48.000Z
Adhyatma Upnishad/002_B006613_adhyatma_upnishad_part_01_023420_hr6.pdf,40961538,2025-09-28T17:58:58.000Z
Adhyatma Upnishad/003_B007040_adhyatma_upnishad_part_02_023421_std.pdf,44749861,2025-09-28T18:00:48.000Z
Adhyatmabindu/004_adhyatma_bindu_022281_hr6.pdf,25021076,2025-09-28T17:56:26.000Z
Adhyatmamatpariksha Shabdasha Vivechan/005_adhyatma_mat_pariksha_shabdasha_vivechan_part_01_005701_hr6.pdf,81539488,2025-09-28T18:00:46.000Z
Adhyatmamatpariksha Shabdasha Vivechan/006_adhyatma_mat_pariksha_shabdasha_vivechan_part_02_005702_hr6.pdf,52146241,2025-09-28T18:00:46.000Z
Adhyatmamatpariksha Shabdasha Vivechan/007_adhyatma_mat_pariksha_shabdasha_vivechan_part_03_005703_hr6.pdf,84199450,2025-09-28T18:01:10.000Z
Adhyatmasar Shabdasha Vivechan/008_adhyatmasar_shabdasha_vivechan_part_01_022059_hr6.pdf,38792813,2025-09-28T18:01:58.000Z
Adhyatmasar Shabdasha Vivechan/009_adhyatmasar_shabdasha_vivechan_part_02_022060_hr6.pdf,25945544,2025-09-28T17:55:42.000Z
Adhyatmasar Shabdasha Vivechan/010_adhyatmasar_shabdasha_vivechan_part_03_037090_hr6.pdf,39565577,2025-09-28T18:01:58.000Z
Adhyatmasar Shabdasha Vivechan/011_adhyatmasar_shabdasha_vivechan_part_04_037091_hr6.pdf,37454217,2025-09-28T18:01:58.000Z
Adhyatmasar Shabdasha Vivechan/012_adhyatmasar_shabdasha_vivechan_part_05_037092_hr6.pdf,38319281,2025-09-28T18:01:56.000Z
Adhyatmasar Shabdasha Vivechan/013_adhyatmasar_shabdasha_vivechan_part_06_037093_hr6.pdf,22786467,2025-09-28T18:01:30.000Z
Agam Satik Gujarati Anuwad/027_B035150_agam_03_sutrakritanga_sutra_satik_gujarati_anuvad_009035_std - Copy.pdf,43093005,2025-09-28T18:01:56.000Z
Agam Satik Gujarati Anuwad/029_B035152_agam_satik_part_05_sthananga_sutra_gujarati_anuwad_1_008996_std.pdf,43221447,2025-09-28T18:01:56.000Z
Agam Satik Gujarati Anuwad/030_B035153_agam_06_sthananga_sutra_satik_gujarati_anuvad_009036_std.pdf,48015174,2025-09-28T18:01:56.000Z
Agam Satik Gujarati Anuwad/031_B035154_agam_satik_part_07_sthananga_sutra_gujarati_anuwad_3_008998_std.pdf,43978624,2025-09-28T18:01:54.000Z
Agam Satik Gujarati Anuwad/032_B035155_agam_satik_part_08_samavay_sutra_gujarati_anuwad_008999_std.pdf,41653983,2025-09-28T18:01:54.000Z
Agam Satik Gujarati Anuwad/033_B035156_agam_09_bhagvati_sutra_1_satik_gujarati_anuvad_009038_std.pdf,44851770,2025-09-28T18:01:30.000Z
Agam Satik Gujarati Anuwad/034_B035157_agam_10_bhagvati_sutra_2_satik_gujarati_anuvad_009038_std.pdf,46169309,2025-09-28T18:01:56.000Z
Agam Satik Gujarati Anuwad/035_B035158_agam_11_bhagvati_sutra_3_satik_gujarati_anuvad_009038_std.pdf,40419345,2025-09-28T18:01:28.000Z
Agam Satik Gujarati Anuwad/036_B035159_agam_12_bhagvati_sutra_4_satik_gujarati_anuvad_009038_std.pdf,46346246,2025-09-28T18:01:28.000Z
Agam Satik Gujarati Anuwad/037_B035160_agam_13_bhagvati_sutra_5_satik_gujarati_anuvad_009038_std.pdf,42270559,2025-09-28T18:01:30.000Z
Agam Satik Gujarati Anuwad/038_B035161_agam_satik_part_14_gnatdharmkatha_sutra_gujarati_anuwad_009005_std.pdf,52756917,2025-09-28T18:01:30.000Z
Agam Satik Gujarati Anuwad/039_B035162_agam_satik_part_15_upaasakdasha_aadi_sutro_gujarati_anuwad_009006_std.pdf,54184741,2025-09-28T18:01:30.000Z
Agam Satik Gujarati Anuwad/040_B035163_agam_satik_part_16_vipak_aadi_sutro_gujarati_anuwad_009007_std.pdf,39998477,2025-09-28T18:01:26.000Z
Agam Satik Gujarati Anuwad/042_B035165_agam_18_jivajivabhigama_sutra_2_satik_gujarati_anuvad_009047_std.pdf,41720592,2025-09-28T18:01:28.000Z
Agam Satik Gujarati Anuwad/043_B035166_agam_19_jivajivabhigama_sutra_3_satik_gujarati_anuvad_009047_std.pdf,45558288,2025-09-28T18:01:28.000Z
Agam Satik Gujarati Anuwad/044_B035167_agam_20_pragnapana_sutra_1_satik_gujarati_anuvad_009048_std.pdf,37795466,2025-09-28T18:01:26.000Z
Agam Satik Gujarati Anuwad/045_B035168_agam_satik_part_21_pragnapana_sutra_gujarati_anuwad_2_009012_std.pdf,40510147,2025-09-28T18:01:26.000Z
Agam Satik Gujarati Anuwad/046_B035169_agam_satik_part_22_pragnapana_sutra_gujarati_anuwad_3_009013_std.pdf,40896654,2025-09-28T18:01:24.000Z
Agam Satik Gujarati Anuwad/047_B035170_agam_satik_part_23_suryapragnapti_sutra_gujarati_anuwad_1_009014_std.pdf,36693901,2025-09-28T18:01:26.000Z
Agam Satik Gujarati Anuwad/048_B035171_agam_17_chandrapragnapati_sutra_satik_gujarati_anuvad_009050_std_.pdf,5845992,2025-09-28T17:57:42.000Z
Agam Satik Gujarati Anuwad/049_B035172_agam_satik_part_25_jamboodwippragnapti_sutra_guj_anuwad_1_009016_std.pdf,37985515,2025-09-28T18:01:26.000Z
Agam Satik Gujarati Anuwad/050_B035173_agam_26_jambudwippragnapati_sutra_satik_gujarati_anuvad_009051_std.pdf,42044331,2025-09-28T18:01:24.000Z
Agam Satik Gujarati Anuwad/051_B035174_agam_satik_part_27_jamboodwippragnapti_sutra_guj_anuwad_3_009018_std.pdf,38677463,2025-09-28T18:01:24.000Z
Agam Satik Gujarati Anuwad/052_B035175_agam_satik_part_28_nirayavalika_aadi_sutra_guj_anuwad_1_009019_std.pdf,45508976,2025-09-28T18:01:24.000Z
Agam Satik Gujarati Anuwad/053_B035176_agam_satik_part_29_nisith_aadi_sutra_gujarati_anuwad_009020_hr.pdf,21151716,2025-09-28T18:01:22.000Z
Agam Satik Gujarati Anuwad/054_B035177_agam_satik_part_30_mahanisith_aadi_sutra_gujarati_anuwad_009021_hr.pdf,24430537,2025-09-28T17:58:58.000Z
Agam Satik Gujarati Anuwad/055_B035178_agam_satik_part_31_aavashyak_sutra_gujarati_anuwad_1_009022_std.pdf,44391352,2025-09-28T18:01:22.000Z
Agam Satik Gujarati Anuwad/056_B035179_agam_satik_part_32_aavashyak_sutra_gujarati_anuwad_2_009023_std.pdf,45261417,2025-09-28T18:01:22.000Z
Agam Satik Gujarati Anuwad/057_B035180_agam_satik_part_33_aavashyak_sutra_gujarati_anuwad_3_009024_std.pdf,40235064,2025-09-28T18:01:22.000Z
Agam Satik Gujarati Anuwad/058_B035181_agam_satik_part_34_aavashyak_sutra_gujarati_anuwad_4_009025_std.pdf,37855771,2025-09-28T17:57:04.000Z
Agam Satik Gujarati Anuwad/059_B035182_agam_satik_part_35_pindniryukti_aadi_sutra_gujarati_anuwad_009026_std.pdf,45522133,2025-09-28T18:01:22.000Z
Agam Satik Gujarati Anuwad/060_B035183_agam_42_dashvaikalik_sutra_satik_gujarati_anuvad_009079_std.pdf,17925522,2025-09-28T17:58:58.000Z
Agam Satik Gujarati Anuwad/061_B035184_agam_satik_part_37_uttaradhyanan_sutra_gujarati_anuwad_1_009028_hr.pdf,26968820,2025-09-28T18:01:20.000Z
Agam Satik Gujarati Anuwad/062_B035185_agam_satik_part_38_uttaradhyanan_sutra_gujarati_anuwad_2_009029_hr.pdf,24606487,2025-09-28T17:56:26.000Z
Agam Satik Gujarati Anuwad/063_B035187_agam_satik_part_40_nandi_sutra_gujarati_anuwad_009031_std.pdf,40991953,2025-09-28T18:00:52.000Z
Agam Satik Gujarati Anuwad/064_B035188_agam_45_anuyogadwar_sutra_satik_gujarati_anuvad_009082_std.pdf,55744071,2025-09-28T18:01:20.000Z
Agam Satik Gujarati Anuwad/065_B035189_kalpasutra_mool_gujarati_anuwad_009084_009033_std.pdf,24116819,2025-09-28T17:57:42.000Z
Agam Satik Gujarati Anuwad/agam_satik_part_01_acharanga_sutra_gujarati_anuwad_1_008992_std.pdf,2249354,2025-09-28T17:55:40.000Z
Agam Satik Gujarati Anuwad/agam_satik_part_02_acharanga_sutra_gujarati_anuwad_2_008993_std.pdf,2291167,2025-09-28T17:56:26.000Z
Agam Satik Gujarati Anuwad/agam_satik_part_04_suygadanga_sutra_gujarati_anuwad_2_008995_std.pdf,2189342,2025-09-28T17:55:40.000Z
Agam Satik Gujarati Anuwad/agam_satik_part_39_uttaradhyanan_sutra_gujarati_anuwad_3_009030_hr.pdf,9748620,2025-09-28T17:58:20.000Z
Agam Suttani/071_B009115_agam_sutra_satik_01_aachar_angsutra_01_003335_std.pdf,37530130,2025-09-28T17:55:40.000Z
Amrutvelni Moti Sazzay/024_amrutvel_sazzay_shantijin_ane_simandharswami_stavan_037125_hr6.pdf,22015992,2025-09-28T17:56:26.000Z
Anekantjaipataka/018_B041086_Anekant_jai_pataka_Part_02_005533_HR6_अनेकांतजयपताका भाग-2.pdf,103348376,2025-09-28T18:00:48.000Z
Anekantjaipataka/019_B041087_Anekant_jai_pataka_Part_03_005534_HR6_अनेकांतजयपताका भाग-3.pdf,69371022,2025-09-28T17:59:48.000Z
Anekantjaipataka/020_B041088_anekant_jai_pataka_part_04_005535_std.pdf,42820669,2025-09-28T17:58:56.000Z
Anekantjaipataka/021_B041089_Anekant_jai_pataka_Part_05_005536_HR6_अनेकांतजयपताका भाग-5.pdf,85745961,2025-09-28T17:59:48.000Z
Anekantjaipataka/022_B041085_Anekant_jai_pataka_Part_01_005532_HR6_अनेकांतजयपताका भाग-1.pdf,86886787,2025-09-28T17:58:56.000Z
Anuyogdwar Sutra/014_agam_45_chulika_02_anuyogdwar_sutra_part02_001107_hr.pdf,104481951,2025-09-28T18:01:12.000Z
Anuyogdwar Sutra/015_agam_45_chulika_02_anuyogdwar_sutra_part01_001106_hr.pdf,97440316,2025-09-28T18:01:12.000Z
Aradhak Viradhak Chaturbhangi/082_B002010_Aradhak_Viradhak_Chaturbhangi_Shabdasha_Vivechan_005731_HR6.pdf,14345741,2025-09-28T17:55:18.000Z
Ashat Sahasstri/026_B006722_Ashat Sahasstri-2.pdf,96437598,2025-09-28T18:00:52.000Z
Ashtak Prakaran/025_ashtak_prakaran_022090_hr6.pdf,81334554,2025-09-28T18:00:50.000Z
Aturpratyakhyan sutra/072_agam_25_prakirnak_02_atur_pratyakhyan_sutra_002562_hr.pdf,80696815,2025-09-28T18:00:50.000Z
Avashyak Niryukti/073_avashyak_niryukti_part_01_005753_hr6.pdf,89999057,2025-09-28T17:59:54.000Z
Avashyak Niryukti/074_avashyak_niryukti_part_02_005754_hr6.pdf,93412587,2025-09-28T18:00:44.000Z
Avashyak Niryukti/075_B036962_Avashyak_Niryukti_Part_03_005755_HR6.pdf,93008346,2025-09-28T17:59:52.000Z
Avashyak Niryukti/076_avashyak_niryukti_part_04_005756_hr6.pdf,99581611,2025-09-28T18:00:44.000Z
Avashyak Niryukti/077_B040488_Avashyak_Niryukti_Part_05_005757_HR6.pdf,89083359,2025-09-28T17:59:54.000Z
Avashyak Niryukti/078_avashyak_niryukti_part_06_005758_hr6.pdf,95687540,2025-09-28T18:00:42.000Z
Avashyak Niryukti/079_avashyak_niryukti_part_07_005759_hr6.pdf,81121597,2025-09-28T17:58:56.000Z
Avashyak sutram/080_B057956_आवश्यकसूत्रम् विभाग 1.pdf,321306193,2025-09-28T17:57:02.000Z
Avashyak sutram/081_B057960_आवश्यकसूत्रम् विभाग 2.pdf,229355678,2025-09-28T17:56:14.000Z
Bhasha Rahasya Prakaran/229_bhasha_rahasya_prakaran_part_01_022031_hr6.pdf,47344425,2025-09-28T17:58:52.000Z
Bhasha Rahasya Prakaran/230_bhasha_rahasya_prakaran_part_02_022032_hr6.pdf,40308160,2025-09-28T17:58:52.000Z
Bruhatkalpa Sutra/232_agam_35_chhed_02_bruhatkalpa_sutra_part02_002511_hr.pdf,65060645,2025-09-28T17:59:50.000Z
Bruhatkalpa Sutra/233_agam_35_chhed_02_bruhatkalpa_sutra_part03_002512_hr.pdf,59771454,2025-09-28T17:58:54.000Z
Bruhatkalpa Sutra/234_agam_35_chhed_02_bruhatkalpa_sutra_part04_002513_hr.pdf,71638125,2025-09-28T17:59:50.000Z
Bruhatkalpa Sutra/235_agam_35_chhed_02_bruhatkalpa_sutra_part05_002514_hr.pdf,56380331,2025-09-28T17:58:52.000Z
Bruhatkalpa Sutra/236_agam_35_chhed_02_bruhatkalpa_sutra_part06_002515_hr.pdf,59433356,2025-09-28T17:58:52.000Z
Bruhatkalpa Sutra/agam_35_chhed_02_bruhatkalpa_sutra_part01_002510_hr.pdf,17851645,2025-09-28T17:57:04.000Z
Charitra Sara/115_B029791_Charitra_Sara_003102_चारित्रसार.pdf,6413189,2025-09-28T17:55:18.000Z
Dashvaikalik Sutram by tatvaprabhavvijayji/dashvaikalik_sutram_022615_hr6.pdf,31236713,2025-09-28T17:58:38.000Z
Dashvaikalik Sutram/153_dashvaikalik_sutram_part_01_005763_hr6_ocred.pdf,42365328,2025-09-28T17:58:36.000Z
Dashvaikalik Sutram/154_dashvaikalik_sutram_part_02_005764_hr6_ocred.pdf,38634613,2025-09-28T17:58:36.000Z
Dashvaikalik Sutram/155_dashvaikalik_sutram_part_03_005765_hr6_ocred.pdf,34341199,2025-09-28T17:58:20.000Z
Dashvaikalik Sutram/156_dashvaikalik_sutram_part_04_005766_hr6_ocred.pdf,30999264,2025-09-28T17:58:20.000Z
Dharm Pariksha/167_dharm_pariksha_part_01_022180_hr6_ocred.pdf,45859389,2025-09-28T18:00:44.000Z
Dharm Pariksha/168_dharm_pariksha_part_02_022181_hr6_ocred.pdf,38161827,2025-09-28T18:00:44.000Z
Dharm Pariksha/169_DHARMA PARIKSHA PART-3.pdf,76131803,2025-09-28T18:01:10.000Z
Dharm Sangrahani Pravinbhai/175_B054557_DHARMA SANGRAHNI_PART-1.pdf,114366435,2025-09-28T17:55:20.000Z
Dharm Sangrahani Pravinbhai/176_B056090_dharm_sangrahani_part_02_shabdasha_vivechan_037112_hr6_ocred.pdf,39050236,2025-09-28T17:55:20.000Z
Dharm Sangrahani Pravinbhai/177_B056093_dharm_sangrahani_part_03_shabdasha_vivechan_037113_hr6_ocred.pdf,38771845,2025-09-28T17:55:20.000Z
Dharm Sangrahani/178_dharm_sangrahani_part_02_006034_hr6_ocred.pdf,71665212,2025-09-28T17:58:12.000Z
Dharm Sangrahani/179_dharm_sangrahani_part_01_006033_hr6_ocred.pdf,59042329,2025-09-28T17:58:12.000Z
Dharmbindu Prakaran/164_dharmbindu_prakaran_part_01_022099_hr6_ocred.pdf,23647730,2025-09-28T17:55:40.000Z
Dharmbindu Prakaran/165_dharmbindu_prakaran_part_02_022100_hr6_ocred.pdf,32353666,2025-09-28T17:58:16.000Z
Dharmbindu Prakaran/166_dharmbindu_prakaran_part_03_022101_hr6_ocred.pdf,22987664,2025-09-28T17:58:16.000Z
Dravya Gun Paryaya no Ras/160_dravyagun_paryay_no_ras_part_1_001096_hr_ocred.pdf,41822343,2025-09-28T17:58:44.000Z
Dravya Gun Paryaya no Ras/161_dravyagun_paryay_no_ras_part_2_001097_hr_ocred.pdf,42729353,2025-09-28T17:58:18.000Z
Dravya Gun Paryayno Ras - pravinbhai/162_dravya_gun_paryay_no_ras_part_02_022386_hr6_ocred.pdf,39405933,2025-09-28T17:58:50.000Z
Dravya Gun Paryayno Ras - pravinbhai/dravya_gun_paryay_no_ras_part_01_022385_hr6.pdf,39308476,2025-09-28T17:58:20.000Z
Dwatrinshika/339_dan_dwatrinshika_004661_hr.pdf,15890398,2025-09-28T17:56:04.000Z
Dwatrinshika/340_deshna_dwatrinshika_004662_hr.pdf,13353207,2025-09-28T17:55:36.000Z
Dwatrinshika/341_marg_dwatrinshika_004663_hr.pdf,12262254,2025-09-28T17:56:04.000Z
Dwatrinshika/342_jina_mahattva_dwatrinshika_004664_hr.pdf,19630967,2025-09-28T17:56:04.000Z
Dwatrinshika/343_jin_bhakti_dwatrinshika_004665_hr.pdf,17892833,2025-09-28T17:55:36.000Z
Dwatrinshika/344_sadhu_samagraya_dwatrinshika_004666_hr.pdf,16379910,2025-09-28T17:55:36.000Z
Dwatrinshika/345_DHARMAVYAVSTHA BATRISHI_7.pdf,17602050,2025-09-28T17:56:04.000Z
Dwatrinshika/346_VAD  Batrishi_8.pdf,24024062,2025-09-28T17:56:50.000Z
Dwatrinshika/347_KATHA BATRISHI_9.pdf,30375897,2025-09-28T17:56:04.000Z
Dwatrinshika/348_B026923_Yoga_lakshana_Dwatrinshika_004670_योगलक्षणद्वात्रिंशिका शब्दशः विवेचन बत्रीशी-10.pdf,7398775,2025-09-28T17:55:34.000Z
Dwatrinshika/349_patanjal_yog_lakshan_vichar_dwatrinshika_004671_hr.pdf,21488971,2025-09-28T17:56:04.000Z
Dwatrinshika/350_B032139_Purva_seva_Dwatrinshika_004672_पूर्वसेवाद्वात्रिंशिका शब्दशः विवेचन बत्रीशी-12.pdf,7301496,2025-09-28T17:55:36.000Z
Dwatrinshika/351_mukti_adwesha_pradhanya_dwatrinshika_004673_hr.pdf,11520566,2025-09-28T17:56:04.000Z
Dwatrinshika/352_apunarbandhaka_dwatrinshika_004674_hr.pdf,14700583,2025-09-28T17:55:36.000Z
Dwatrinshika/353_samyaga_drushti_dwatrinshika_004675_hr.pdf,17696892,2025-09-28T17:55:36.000Z
Dwatrinshika/354_ishanu_graha_vichar_dwatrinshika_004676_hr.pdf,16087723,2025-09-28T17:55:36.000Z
Dwatrinshika/355_daiv_purusha_kara_dwatrinshika_004677_hr.pdf,16514084,2025-09-28T17:55:34.000Z
Dwatrinshika/356_yoga_bheda_dwatrinshika_004678_hr.pdf,13288708,2025-09-28T17:55:34.000Z
Dwatrinshika/357_B025245_Yoga_Viveka_Dwatrinshika_004679_योगविवेकद्वात्रिंशिका शब्दशः विवेचन.pdf,8154594,2025-09-28T17:55:34.000Z
Dwatrinshika/358_YOGAVATAR BATRISHI-20.pdf,29856255,2025-09-28T17:55:34.000Z
Dwatrinshika/359_taradi_traya_dwatrinshika_004682_hr.pdf,12765733,2025-09-28T17:55:34.000Z
Dwatrinshika/360_kutarka_graha_nivrutti_dwatrinshika_004683_hr.pdf,14611095,2025-09-28T17:55:34.000Z
Dwatrinshika/361_sad_drushti_dwatrinshika_004684_hr.pdf,14662009,2025-09-28T17:55:34.000Z
Dwatrinshika/362_klesh_hanopay_dwatrinshika_004685_hr.pdf,16784218,2025-09-28T17:55:34.000Z
Dwatrinshika/363_yog_mahatmya_dwatrinshika_004686_hr.pdf,15602747,2025-09-28T17:55:34.000Z
Dwatrinshika/364_B025250_Bhikshu_Dwatrinshika_004687_भिक्षुद्वात्रिंशिका शब्दशः विवेचन.pdf,7006869,2025-09-28T17:56:04.000Z
Dwatrinshika/365_diksha_dwatrinshika_004688_hr.pdf,13605902,2025-09-28T17:56:04.000Z
Dwatrinshika/366_vinay_dwatrnshika_004689_hr.pdf,9319412,2025-09-28T17:56:04.000Z
Dwatrinshika/367_kevali_bhukti_vyavasthapana_dwatrinshika_004680_hr.pdf,16981353,2025-09-28T17:55:36.000Z
Dwatrinshika/368_mukti_dwatrinshika_004691_hr.pdf,18404481,2025-09-28T17:55:36.000Z
Dwatrinshika/369_sajjana_stuti_dwatrinshika_004692_hr.pdf,8150096,2025-09-28T17:55:36.000Z
Dwatrinshika/mitra_dwatrinshika_004681_hr.pdf,4339277,2025-09-28T17:56:04.000Z
Gurutatva vinishchay/109_B045456_गुरुतत्त्वविनिश्चयः (उल्लास 3-4) भाग 2.pdf,157792136,2025-09-28T17:55:34.000Z
Gurutatva vinishchay/110_B045636_गुरुतत्त्वविनिश्चयः (उल्लास 1-2) भाग 1.pdf,225784218,2025-09-28T17:56:08.000Z
gyanbindu/121_B001245_gyanbindu_005269_hr.pdf,56730299,2025-09-28T17:55:40.000Z
Gyansara Shabdasha Vivechan/122_gyansara_shabdasha_vivechan_037148_hr6_ocred.pdf,53266959,2025-09-28T17:58:20.000Z
Hinsashtakam/hinsa_shtakama_009612_std.pdf,630980,2025-09-28T17:57:42.000Z
Jai Jiya Kappo/250_B004722_Jai_Jiya_Kappo_004416_HR6.pdf,47712178,2025-09-28T17:57:42.000Z
Jambudiv pannatti suttam/116_B055568_jambudiv_pannatti_suttam_part_02_033721_std_ocred.pdf,28737961,2025-09-28T17:55:36.000Z
Jivajivabhigamsuttam/120_B055736_jivajiva_bhigam_suttam_part_01_033007_hr6_ocred.pdf,49086559,2025-09-28T17:55:28.000Z
Kalpa Sutra/105_B016551_kalp_sutra_034664_std.pdf,16405686,2025-09-28T17:55:34.000Z
Kupdrushtant Vishadikaran/106_kupdrushtant_vishadikaran_022220_hr6.pdf,26932863,2025-09-28T17:57:42.000Z
Lalit Vistara/252_lalit_vistara_part_01_022463_hr6.pdf,63384771,2025-09-28T17:58:38.000Z
Lalit Vistara/253_lalit_vistara_part_02_022464_hr6.pdf,59414700,2025-09-28T17:58:38.000Z
Lalit Vistara/254_lalit_vistara_part_03_022465_hr6.pdf,61061025,2025-09-28T17:58:38.000Z
Marg parishuddhi Prakaranam/239_B003899_Marg_parishuddhi_Prakaranam_004398_HR6.pdf,25680079,2025-09-28T17:55:40.000Z
"Nana Chitta Prakarana/338_B035621_Nana_chitta_prakarana_009614_नानाचित्तप्रकरण सह (सं.) अहिंसोपनिषद् टीका, (गु.) अनुवाद_Original.pdf",19366402,2025-09-28T17:55:28.000Z
Nandisutram-siddhi-bhuvan-manohar/nandi_sutram_033330_hr6.pdf,99321128,2025-09-28T17:58:18.000Z
Niriyavaliyasuyakkhandho/188_B057414_निरियावलियासुयक्खंधो.pdf,105018094,2025-09-28T17:55:30.000Z
ogh niryukti/103_B056787_ogh_niryukti_033295_std.pdf,78003285,2025-09-28T17:55:30.000Z
Panchashak Prakaran/196_panchashak_prakaran_part_01_033423_hr6.pdf,75116247,2025-09-28T17:58:44.000Z
Panchashak Prakaran/197_panchashak_prakaran_part_02_033424_hr6.pdf,96090059,2025-09-28T17:58:44.000Z
Panchgranthi/001_B000301_panchgranthi_022149_hr6.pdf,14764039,2025-09-28T17:55:40.000Z
Panchvastuk Prakaran/189_panchvastuk_prakaran_part_01_005508_hr6.pdf,60494660,2025-09-28T17:58:50.000Z
Panchvastuk Prakaran/190_panchvastuk_prakaran_part_02_005509_hr6.pdf,49906607,2025-09-28T17:58:48.000Z
Panchvastuk Prakaran/191_panchvastuk_prakaran_part_03_005510_hr6.pdf,63471286,2025-09-28T17:58:46.000Z
Panchvastuk Prakaran/192_panchvastuk_prakaran_part_04_005511_hr6.pdf,78882177,2025-09-28T17:58:48.000Z
Panchvastuk Prakaran/193_panchvastuk_prakaran_part_05_005512_hr6.pdf,57310133,2025-09-28T17:58:48.000Z
Panchvastuk Prakaran/194_panchvastuk_prakaran_part_06_005513_hr6.pdf,67736801,2025-09-28T17:58:50.000Z
Panchvastuk Prakaran/195_panchvastuk_prakaran_part_07_005514_hr6.pdf,81968763,2025-09-28T17:58:50.000Z
Parishisht parv/206_B059821_परिशिष्टपर्व.pdf,257526040,2025-09-28T17:56:10.000Z
Patanjal Yogdarshan/210_B025653 PATANJAL YOGDARSHAN.pdf,74429600,2025-09-28T17:55:32.000Z
Patanjalyog Sutra/211_patanjal_yog_sutra_part_01_022735_hr6.pdf,55624519,2025-09-28T17:58:18.000Z
Patanjalyog Sutra/212_patanjal_yog_sutra_part_02_022736_hr6.pdf,51799433,2025-09-28T17:58:16.000Z
Pind Niryukti-84/207_B044671_पिण्डनिर्युक्तिः.pdf,118778918,2025-09-28T17:58:10.000Z
Pind Niryukti-84/pind_niryukti_032703_hr6.pdf,30050354,2025-09-28T17:58:42.000Z
Pragnapana Sutra/216_pragnapana_sutra_part_01_005761_hr6.pdf,143901653,2025-09-28T17:58:46.000Z
Pragnapana Sutra/217_pragnapana_sutra_part_02_005762_hr6.pdf,112029830,2025-09-28T17:58:14.000Z
Prashamrati Prakaran/226_prashamrati_prakaran_023402_hr6.pdf,49392313,2025-09-28T17:58:10.000Z
Prasharamrati Prakaranam/prasharam_rati_prakaranam_009263_data.pdf,3438316,2025-09-28T17:57:04.000Z
Prashna Vyakaran Sutra/agam_10_ang_10_prashna_vyakaran_sutra_011592_std-ORIGINAL.pdf,5777899,2025-09-28T17:56:26.000Z
Prashna Vyakaran Sutra/agam_10_ang_10_prashna_vyakaran_sutra_011592_std.pdf,5741260,2025-09-28T17:57:42.000Z
Pratima Shatak/222_pratima_shatak_part_03_022184_hr6-avruti2.pdf,81188074,2025-09-28T17:58:06.000Z
Pratima Shatak/223_pratima_shatak_part_04_022185_hr6.pdf,86200457,2025-09-28T17:58:04.000Z
Pratima Shatak/224_pratima_shatak_part_02_022183_hr6.pdf,84938819,2025-09-28T17:58:04.000Z
Pratima Shatak/225_pratima_shatak_part_01_022182_hr6.pdf,79020568,2025-09-28T17:58:04.000Z
Pravachan Saroddhar/220_B044444_प्रवचन सारोद्धार भाग 1.pdf,225461700,2025-09-28T17:59:52.000Z
Pravachan Saroddhar/221_pravachan_saroddhar_part_02_022023_hr6.pdf,104289346,2025-09-28T17:58:54.000Z
Raypaseniyasuttam/251_B042564_रायपसेणियसुत्तं.pdf,255716749,2025-09-28T17:56:16.000Z
Saddha Jiya kappo/298_B026194_Saddha_Jiya_kappo_002631_सड्ढजीयकप्पो (श्राद्धजीतकल्प) सह (सं.) स्वोपज्ञ टीका.pdf,15343615,2025-09-28T17:55:32.000Z
Samachari Prakaran/317_samachari_prakaran_part_02_005548_hr6.pdf,53215702,2025-09-28T17:58:08.000Z
Samachari Prakaran/318_samachari_prakaran_part_01_005547_hr6.pdf,52166725,2025-09-28T17:58:08.000Z
Samachari Prakaran/samachari_prakaran_part_01_005547_hr6.pdf,27571018,2025-09-28T17:58:06.000Z
Sambodh Prakaran/305_sambodh_prakaran_part_01_005624_hr6.pdf,50887728,2025-09-28T17:58:14.000Z
Sambodh Prakaran/306_sambodh_prakaran_part_02_005625_hr6.pdf,60347505,2025-09-28T17:58:16.000Z
Sambodh Prakaran/307_sambodh_prakaran_part_03_005626_hr6.pdf,58533017,2025-09-28T17:58:16.000Z
Samraicch Kaha/308_B054523_समराइच्च कहा भाग 1.pdf,322681970,2025-09-28T17:58:42.000Z
Samraicch Kaha/309_B055188_समराइच्च कहा भाग 2.pdf,260256961,2025-09-28T17:57:40.000Z
Samraicch Kaha/samraicch_kaha_part_1_001881_hr.pdf,43017279,2025-09-28T17:56:24.000Z
Samraicch Kaha/samraicch_kaha_part_2_001882_hr.pdf,34623136,2025-09-28T17:56:54.000Z
Samyaktva Prakaran/313_B038779_samyaktva_prakaran_022114_hr6.pdf,88253133,2025-09-28T17:58:06.000Z
Samyaktva Saptati/314_B013278_samyaktva_saptati_033257_std.pdf,79993956,2025-09-28T17:56:42.000Z
Shastravartta Samucchaya/288_shastravartta_samucchaya_1_090417_std.pdf,34731175,2025-09-28T17:57:24.000Z
Shastravartta Samucchaya/289_shastravartta_samucchaya_2_3_090418_std.pdf,21067871,2025-09-28T17:57:24.000Z
Shastravartta Samucchaya/290_shastravartta_samucchaya_4_090419_std.pdf,32430709,2025-09-28T17:57:24.000Z
Shastravartta Samucchaya/292_shastravartta_samucchaya_5_6_090420_std.pdf,31100254,2025-09-28T17:57:24.000Z
Shastravartta Samucchaya/293_shastravartta_samucchaya_7_090421_std.pdf,28027946,2025-09-28T17:57:24.000Z
Shastravartta Samucchaya/294_shastravartta_samucchaya_8_090422_std.pdf,24133175,2025-09-28T17:57:24.000Z
Shastravartta Samucchaya/295_shastravartta_samucchaya_9_10_11_090423_std.pdf,66432154,2025-09-28T17:57:26.000Z
Shodashak Prakaran/303_shodashak_prakaran_part_01_shabdasha_vivechan_037155_hr6.pdf,56334319,2025-09-28T17:57:32.000Z
Shodashak Prakaran/304_shodashak_prakaran_part_02_shabdasha_vivechan_037156_hr6.pdf,79258225,2025-09-28T17:57:34.000Z
Shraddha Dinkrutya/297_B016341_श्राद्धदिनकृत्य.pdf,275964032,2025-09-28T17:56:54.000Z
Shravak Dharm vidhi Prakaran/296_B009103_shravak_dharm_vidhi_prakaran_023116_hr6.pdf,32591834,2025-09-28T17:55:28.000Z
Shravak Pragnapti Prakaran/291_shravak_pragnapti_prakaran_023403_hr6.pdf,70354693,2025-09-28T17:57:20.000Z
Shrimad Bhagwadgita/228_B014484_श्रीमद् भगवद्गीता.pdf,173215810,2025-09-28T17:56:24.000Z
"Siddhsen Shatak/323_B011556_Siddhsen_Shatak_001182_सिद्धसेनशतक सह (गु.) अनुवाद, विवेचन.pdf",13441029,2025-09-28T17:55:18.000Z
Simandhar Swami/320_simandhar_swami_350_gathanu_stavan_part_01_c_hr6.pdf,30085330,2025-09-28T17:56:18.000Z
Simandhar Swami/321_simandhar_swami_350_gathanu_stavan_part_02_005546_hr6.pdf,26755172,2025-09-28T17:56:18.000Z
Sirimaransamahi Payana/W091073_Sirimaransamahi_Payana_300Dpi.pdf,303536477,2025-09-28T17:58:02.000Z
Sthanang Sutra/335_sthanang_sutra_part_01_005767_hr6.pdf,132743229,2025-09-28T17:58:12.000Z
Sthanang Sutra/336_sthanang_sutra_part_02_005768_hr6.pdf,111927049,2025-09-28T17:57:42.000Z
Sutrakritanga Sutra/sutrakritanga_sutra_part_01_034258_hr3.pdf,16324829,2025-09-28T17:57:36.000Z
Sutrakritanga Sutra/sutrakritanga_sutra_part_02_034259_hr3.pdf,15140273,2025-09-28T17:57:04.000Z
Sutrakritanga Sutra/sutrakritanga_sutra_part_03_034260_hr3.pdf,21574092,2025-09-28T17:57:34.000Z
Sutrakritanga Sutra/sutrakritanga_sutra_part_04_034261_hr3.pdf,22204097,2025-09-28T17:57:34.000Z
Sutrakritanga Sutra/sutrakritanga_sutra_part_05_034262_hr3.pdf,19853505,2025-09-28T17:56:26.000Z
Tandul vaicharik prakirnakam/123_B000746_tandul_vaicharik_prakirnakam_022607_hr6_ocred.pdf,11141610,2025-09-28T17:55:18.000Z
Tattvarthadhigam Sutra - Bhavyadarshan/124_tattvartha_dhigam_sutra_part_01_004407_hr6_ocred.pdf,64765086,2025-09-28T17:56:18.000Z
Tattvarthadhigam Sutra - Bhavyadarshan/125_tattvartha_dhigam_sutra_part_02_004408_hr6_ocred.pdf,46485402,2025-09-28T17:56:18.000Z
Tattvarthadhigam Sutra- Svopagya/126_tattvartha_dhigam_sutra_part_01_005749_hr6_ocred.pdf,64562466,2025-09-28T17:56:50.000Z
Tattvarthadhigam Sutra- Svopagya/127_tattvartha_dhigam_sutra_part_02_005750_hr6_ocred.pdf,55179411,2025-09-28T17:56:48.000Z
Tattvarthadhigam Sutra- Svopagya/128_B012703_tattvartha_dhigam_sutra_part_03_023668_hr6_ocred.pdf,23599631,2025-09-28T17:56:24.000Z
Tattvarthadhigam Sutram Hari/132_tattvartha_dhigam_sutram_part_01_022485_hr6_ocred.pdf,37243270,2025-09-28T17:56:50.000Z
Tattvarthadhigam Sutram Hari/133_tattvartha_dhigam_sutram_part_02_022486_hr6_ocred.pdf,22832117,2025-09-28T17:57:22.000Z
Tattvarthadhigam Sutram Hari/134_tattvartha_dhigam_sutram_part_03_022487_hr6_ocred.pdf,23494388,2025-09-28T17:57:22.000Z
Tattvarthadhigam Sutram Hari/135_tattvartha_dhigam_sutram_part_04_022488_hr6_ocred.pdf,20003822,2025-09-28T17:56:50.000Z
Tattvarthadhigam Sutram Hari/136_tattvartha_dhigam_sutram_part_05_022489_hr6_ocred.pdf,22197648,2025-09-28T17:57:22.000Z
Tattvarthadhigam Sutram Hari/137_tattvartha_dhigam_sutram_part_06_022490_hr6_ocred.pdf,16757218,2025-09-28T17:55:40.000Z
Tattvarthadhigam Sutram Hari/138_B043637_tattvartha_dhigam_sutram_part_07_022491_hr6.pdf,54572687,2025-09-28T17:57:22.000Z
Tattvarthadhigam Sutram Hari/139_tattvartha_dhigam_sutram_part_08_022492_hr6_ocred.pdf,24143561,2025-09-28T17:56:50.000Z
Tattvarthadhigam Sutram Hari/140_tattvartha_dhigam_sutram_part_09_022493_hr6_ocred.pdf,33567767,2025-09-28T17:56:50.000Z
Tattvarthadhigam Sutram Hari/141_B043643_tattvartha_dhigam_sutram_part_10_022494_hr6_ocred.pdf,18833784,2025-09-28T17:56:50.000Z
Tattvarthvrutti/145_B010029_तत्त्वार्थवृत्तिः.pdf,349125424,2025-09-28T17:56:58.000Z
Updesh Mala/093_updesh_mala_part_01_022177_hr6.pdf,64772408,2025-09-28T17:57:32.000Z
Updesh Mala/094_updesh_mala_part_02_022178_hr6.pdf,40125932,2025-09-28T17:57:32.000Z
Updesh Mala/095_updesh_mala_part_03_022179_hr6.pdf,45102521,2025-09-28T17:57:30.000Z
Updesh Rahasya/096_updesh_rahasya_part_01_033332_hr6.pdf,74477049,2025-09-28T17:57:04.000Z
Updesh Rahasya/097_updesh_rahasya_part_02_033333_hr6.pdf,72296202,2025-09-28T17:57:30.000Z
Updesh Rahasya/098_updesh_rahasya_part_03_033334_hr6.pdf,65006951,2025-09-28T17:57:02.000Z
Updeshmala Doghatti Gurjaranuwada/091_updeshmala_doghatti_gurjaranuvad_008467_std.pdf,54443922,2025-09-28T17:57:34.000Z
Updeshpad Granth/85_updesh_pad_granth_part_01_022107_hr6.pdf,114477530,2025-09-28T17:56:46.000Z
Updeshpad Granth/86_updesh_pad_granth_part_02_022108_hr6.pdf,99400417,2025-09-28T17:56:46.000Z
Updeshpad-Pravinbhai/087_B043897_UPDESH PAD PART_1.pdf,59470572,2025-09-28T17:57:36.000Z
Updeshpad-Pravinbhai/088_B049695_UPDESH PAD PART_2.pdf,71155991,2025-09-28T17:57:38.000Z
Updeshpad-Pravinbhai/089_B049708_UPDESH PAD PART_3.pdf,72824172,2025-09-28T17:58:10.000Z
Updeshpad-Pravinbhai/090_B049683_UPDESH PAD PART_4.pdf,63196693,2025-09-28T17:57:36.000Z
Uvasag Antagad Anuttaro Dasao/017_B059227_uvasag_antagad_anuttaro_dasao_037952_hr6.pdf,53113394,2025-09-28T17:56:20.000Z
Uvavai Suttam/104_B039926_Uvavai_Suttam_004431_HR6.pdf,71097364,2025-09-28T17:55:28.000Z
Vairagya Kalpalata - Pravinbhai/vairagya_kalpa_lata_part_04_037096_hr6.pdf,14393279,2025-09-28T17:56:18.000Z
Vairagya Kalpalata - Pravinbhai/vairagya_kalpa_lata_part_05_037097_hr6.pdf,14599982,2025-09-28T17:56:18.000Z
Vairagya Kalpalata - Pravinbhai/vairagya_kalpa_lata_part_06_037098_hr6.pdf,12640425,2025-09-28T17:56:18.000Z
Vairagya Kalpalata - Pravinbhai/vairagya_kalpa_lata_part_07_037099_hr6.pdf,8590717,2025-09-28T17:56:50.000Z
Vairagya Kalpalata - Pravinbhai/vairagya_kalpa_lata_part_08_037100_hr6.pdf,17604011,2025-09-28T17:56:20.000Z
Vairagya Kalpalata - Pravinbhai/vairagya_kalpa_lata_part_09_037101_hr6.pdf,19165281,2025-09-28T17:56:18.000Z
Vairagya Kalpalata - Pravinbhai/vairagya_kalpalata_022083_hr6.pdf,18772193,2025-09-28T17:55:40.000Z
Vairagya Kalpalata - Pravinbhai/vairagya_kalplata_part_02_022731_hr6.pdf,14016851,2025-09-28T17:56:20.000Z
Vairagya Kalpalata - Pravinbhai/vairagya_kalplata_part_03_022732_hr6.pdf,14576905,2025-09-28T17:56:20.000Z
"Vairagyakalplata/273_B059572_वैराग्यकल्पलता (स्तबकः 1, 2, 3) भाग 1.pdf",104174080,2025-09-28T17:56:10.000Z
Vairagyakalplata/274_B061509_वैराग्यकल्पलता (स्तबकः 4) भाग 2.pdf,90402130,2025-09-28T17:55:28.000Z
"Vairagyakalplata/275_B059577_वैराग्यकल्पलता (स्तबकः 5, पूर्वार्धः) भाग 3.pdf",98127416,2025-09-28T17:55:26.000Z
"Vairagyakalplata/276_B061513_वैराग्यकल्पलता (स्तबकः 5, उत्तरार्धः) भाग 4.pdf",93201816,2025-09-28T17:55:22.000Z
Vairagyakalplata/277_B059580_वैराग्यकल्पलता (स्तबकः 6) भाग 5.pdf,75737233,2025-09-28T17:55:26.000Z
Vairagyakalplata/278_B059582_वैराग्यकल्पलता (स्तबकः 7) भाग 6.pdf,60235471,2025-09-28T17:55:22.000Z
Vairagyakalplata/279_B059585_वैराग्यकल्पलता (स्तबकः 8) भाग 7.pdf,89174518,2025-09-28T17:55:24.000Z
Vairagyakalplata/280_B061519_वैराग्यकल्पलता (स्तबकः 9) भाग 8.pdf,108604862,2025-09-28T17:55:24.000Z
Vinshati Vinshika/260_vinshati_vinshika_shabdasha_vivechan_purvarddha_005543_hr6.pdf,33525612,2025-09-28T17:55:38.000Z
Vinshati Vinshika/261_vinshati_vinshika_shabdasha_vivechan_uttararddha_005544_hr6.pdf,32895678,2025-09-28T17:55:38.000Z
Visheshavashyak Bhashyam/267_visheshavashyak_bhashyam_part_01_033494_hr6.pdf,95131876,2025-09-28T17:57:28.000Z
Visheshavashyak Bhashyam/268_visheshavashyak_bhashyam_part_02_033495_hr6.pdf,104570520,2025-09-28T17:57:28.000Z
Visheshavashyak Bhashyam/269_visheshavashyak_bhashyam_part_03_033496_hr6.pdf,88226158,2025-09-28T17:57:26.000Z
Visheshavashyak Bhashyam/270_visheshavashyak_bhashyam_part_04_033497_hr6.pdf,60094862,2025-09-28T17:57:26.000Z
visheshavashyaka bhashya - bhashantar/271_visheshavashyaka_bhashya_part_1_004648_hr.pdf,93875066,2025-09-28T17:57:24.000Z
visheshavashyaka bhashya - bhashantar/272_visheshavashyaka_bhashya_part_2_004649_hr.pdf,83087093,2025-09-28T17:56:48.000Z
Vitrag Stotra Pravinbhai/264_B041361_VITRAG STOTRA.pdf,62943831,2025-09-28T17:56:54.000Z
Vitrag Stotra Pravinbhai/vitrag_stotra_pray_shabdasha_vivechan_037121_hr6.pdf,26835085,2025-09-28T17:56:20.000Z
Vitrag Stotra rajshekhar ms/263_vitrag_stotra_005874_hr6.pdf,29979280,2025-09-28T17:56:22.000Z
Vyavahar Sutram/282_vyavahar_sutram_part_01_pithika_020934_hr3.pdf,25729692,2025-09-28T17:56:22.000Z
Vyavahar Sutram/283_vyavahar_sutram_part_02_020935_hr3.pdf,52052388,2025-09-28T17:56:48.000Z
Vyavahar Sutram/284_vyavahar_sutram_part_03_020936_hr3.pdf,46880437,2025-09-28T17:56:22.000Z
Vyavahar Sutram/285_vyavahar_sutram_part_04_020937_hr3.pdf,53247320,2025-09-28T17:56:22.000Z
Vyavahar Sutram/286_vyavahar_sutram_part_05_020938_hr3.pdf,28729013,2025-09-28T17:56:20.000Z
Vyavahar Sutram/287_vyavahar_sutram_part_06_020939_hr3.pdf,39145341,2025-09-28T17:56:20.000Z
Yatilakshan Samucchay Prakaran/241_yati_lakshan_samucchay_prakaran_022176_hr6.pdf,62822004,2025-09-28T17:57:30.000Z
Yog Drishti Samucchay/245_B009196_योगदृष्टि समुच्चय.pdf,145985423,2025-09-28T17:55:38.000Z
Yog Vinshika New/246_B053881_योगविंशिका शब्दशः विवेचन.pdf,61999752,2025-09-28T17:55:20.000Z
Yogbindu/242_yog_bindu_part_01_shabdasha_vivechan_037116_hr6.pdf,64733055,2025-09-28T17:56:44.000Z
Yogbindu/243_yog_bindu_part_02_shabdasha_vivechan_037117_hr6.pdf,56014228,2025-09-28T17:56:44.000Z
Yogbindu/244_yog_bindu_part_03_shabdasha_vivechan_037118_hr6.pdf,67085002,2025-09-28T17:56:44.000Z
Yogshastra/248_yogashastra_005118_hr.pdf,88138932,2025-09-28T17:57:34.000Z
Yogshastra/yogashastra_005118_hr.pdf,29655166,2025-09-28T17:56:52.000Z
Yogshatak Shabdasha Vivechan/247_yog_shatak_shabdasha_vivechan_037110_hr6.pdf,93135670,2025-09-28T17:56:12.000Z
Yogvinshika/yog_vinshika_033457_hr6.pdf,16541153,2025-09-28T17:55:18.000Z
